rank,points,team_id,team_name,roster_hash,maps,ranking_snapshots,roster_snapshots,ui_eligible,status
1,2031.0,7020,Spirit,14048abbf062f10a8a24,282,27,27,True,READY
2,1902.0,4494,MOUZ,,329,27,25,True,READY
3,1881.0,11283,Falcons,fa8d993a96ce3adabef3,319,27,27,True,READY
4,1846.0,13286,FUT,de7bb15534f87900b1e7,269,14,14,True,READY
5,1841.0,9565,Vitality,fb355ad45f970d7a7460,335,27,27,True,READY
6,1783.0,12468,Legacy,62da00795203c7bd47f6,389,27,27,True,READY
7,1754.0,8297,FURIA,e0362dcbafd342d82962,368,27,27,True,READY
8,1723.0,5995,G2,85a7d1d66417043c287c,342,27,27,True,READY
9,1606.0,9996,9z,26629d7dd5e4a60e1228,386,27,27,True,READY
10,1599.0,6667,FaZe,a7f8c9ae029a5e9f3092,295,27,27,True,READY
11,1579.0,4608,Natus Vincere,9d2b566c8472997adfa4,288,27,27,True,READY
12,1552.0,11861,Aurora,60e33272652b581b11b5,430,27,27,True,READY
13,1515.0,11241,B8,93a45352761666244eb5,366,27,26,True,READY
14,1502.0,13117,Inner Circle,82071ca5dd86ae09ac80,273,13,12,True,READY
15,1499.0,12394,BETBOOM,cdcebaae9b89d9abf120,440,27,27,True,READY
16,1480.0,7532,BIG,4d6af2ad9a22ed3240f5,398,27,27,True,READY
17,1465.0,5973,Liquid,710ed148200e2762b1ab,301,27,27,True,READY
18,1461.0,12467,PARIVISION,b7f6efac5345a44c475e,458,27,27,True,READY
19,1460.0,6248,The MongolZ,01b12c2fdae17201dc37,319,27,27,True,READY
20,1446.0,6665,Astralis,c8d9aa6d3f48b13980c6,343,27,27,True,READY
21,1408.0,9215,MIBR,757d50eee9cf0c993999,293,27,18,True,READY
22,1402.0,12474,Alliance,e66fcd64cfe5cf8f8ff5,503,27,27,True,READY
23,1402.0,13592,magic,f0a5bed2025716cef475,169,9,9,True,READY
24,1379.0,7175,HEROIC,cecbc60c9300c1eb4b55,368,27,25,True,READY
25,1371.0,11581,HOTU,799303ae2e78af257279,391,27,12,True,READY
26,1364.0,4863,TYLOO,05a56bdf4b57fcae5437,304,27,26,True,READY
27,1347.0,8474,100 Thieves,179bf391f68c205e0bb9,167,7,7,True,READY
28,1345.0,9928,GamerLegion,e4ac330e2ee20921557a,324,27,11,True,READY
29,1338.0,4411,Ninjas in Pyjamas,69b434117d09e87fee19,395,27,27,True,READY
30,1331.0,12916,Betclic,dbb06ab979803c45c554,408,17,17,True,READY
31,1314.0,10621,1win,0115c495bdaf1794db6e,438,25,21,True,READY
32,1313.0,10245,JiJieHao,b4056806b5e2be8b942c,345,27,27,True,READY
33,1310.0,4991,fnatic,6669426c475872ac65f0,489,27,27,True,READY
34,1301.0,13926,DENDELE,05357aa633fe11759c40,44,2,2,True,PARTIAL
35,1298.0,4914,3DMAX,,376,27,0,True,PARTIAL
36,1290.0,11737,EYEBALLERS,ec16634baf36b6925887,446,27,27,True,READY
37,1283.0,12895,K27,98e7ebf1b616b052b8f9,443,27,20,True,READY
38,1276.0,12878,BC.Game,1e8dc4b366663fe51a5d,305,27,20,True,READY
39,1274.0,8840,Lynn Vision,dbed042ec191be814f2c,277,27,23,True,READY
40,1270.0,5378,Virtus.pro,c1ddc4dbd072559d3f5b,247,26,26,True,READY
41,1269.0,12376,M80,b8f718041db8bac2e331,350,27,27,True,READY
42,1268.0,4773,paiN,,312,27,0,True,PARTIAL
43,1241.0,13027,Nuclear TigeRES,1ee5acb720df1bb50596,434,20,20,True,READY
44,1228.0,6290,Luminosity,511494a49abfdef7edbd,28,2,2,True,PARTIAL
45,1228.0,13355,Nemesis,52b39665597c7c0bef39,284,11,11,True,READY
46,1221.0,13518,Acend,9d9fd28afd24d0c2b85c,255,9,9,True,READY
47,1206.0,10823,INFINITE,e82142782877bf13408e,147,8,6,True,READY
48,1201.0,11712,Sashi,e77b81b2bb1af7631c88,570,27,11,True,READY
49,1169.0,7969,Nemiga,61437385a5d55823f7eb,539,27,27,True,READY
50,1167.0,6673,NRG,22650440d422854b12f0,337,27,27,True,READY
51,1162.0,13679,FOKUS,c7016978e18d9b2a439e,169,7,7,True,READY
52,1150.0,12774,FlyQuest,c8c3914f21ebfc022460,213,27,26,True,READY
53,1136.0,13996,BBL,,36,1,0,True,PARTIAL
54,1135.0,12257,Wildcard,e084f753677bdc11410f,299,27,26,True,READY
55,1128.0,13479,Omega,8124f8bbbc49482a2df3,237,9,9,True,READY
56,1126.0,13946,Jam,a4db5a4900099fddff60,18,1,1,True,PARTIAL
57,1121.0,13814,INOX Division,fc8c472e16bb7a27aa20,221,5,5,True,READY
58,1116.0,10577,SINNERS,f9db3f6e7670b3bfa33b,544,27,27,True,READY
59,1114.0,12536,DEPO,b4bd3f705246a4c0338d,137,12,9,True,READY
60,1107.0,13973,Color,582e4bc55e27dc0f56cb,66,1,1,True,PARTIAL
61,1106.0,13104,Iberian Soul,f0fef5ec47d6c5dec0e0,288,10,10,True,READY
62,1102.0,11641,Metizport,bf3f142a181b91d97151,378,27,27,True,READY
63,1092.0,13173,Phantom,890bb8cdfed77829d5ff,321,12,12,True,READY
64,1088.0,12967,WW,1a3dcfff1ae4dff47e60,238,18,18,True,READY
65,1085.0,9455,Imperial,08ccd1138f5a4981b319,435,27,24,True,READY
66,1082.0,13617,ex-RUBY,33ae6d2a7009e60c0014,335,8,7,True,READY
67,1082.0,11251,Eternal Fire,5bd946b1a67947c3efe3,540,24,24,True,READY
68,1075.0,11609,GenOne,7b43f0d89764c946cc6e,574,24,20,True,READY
69,1075.0,13375,SportsBetExpert,3433cd3a6430aa5baa73,138,9,7,True,READY
70,1073.0,13908,Butterfly,,69,2,0,True,PARTIAL
71,1070.0,10278,9INE,8252392811fd4f90f676,520,27,27,True,READY
72,1065.0,11837,Fluxo,9e314b60b5d2a2436771,391,27,27,True,READY
73,1054.0,13333,ASTRAL,81f5e68099df0d475ef3,270,9,9,True,READY
74,1045.0,9139,BRUTE,64ef1dc5397cab44d4b2,262,15,11,True,READY
75,1045.0,12194,Rune Eaters,994b0c0012f23d9df80d,223,7,6,True,READY
76,1043.0,13573,ex-Zero Tenacity,56f30d60d4612b05ae48,317,9,9,True,READY
77,1041.0,13486,THUNDER dOWNUNDER,37b8d597de5be61440f7,145,10,10,True,READY
78,1029.0,12380,CYBERSHOKE,c6e3351ead85d33c1a26,615,27,25,True,READY
79,1020.0,13178,NOVAQ,,304,20,10,True,READY
80,1018.0,11312,QUAZAR,bd4c1abf3532e6173417,139,16,15,True,READY
81,1017.0,13838,EAC,f9e61d9b25d0dd791862,125,4,4,True,READY
82,1013.0,10503,OG,d9a73821e0b4f55492ac,376,27,27,True,READY
83,1012.0,13989,UPGRADE,1946cba97c12a88f4e2d,49,1,1,True,PARTIAL
84,1006.0,12677,Galorys,346a293a223512477611,327,27,23,True,READY
85,1001.0,12144,BESTIA,dc9c7e9cb94caee9c7ac,366,27,27,True,READY
86,990.0,13181,BASEMENT BOYS,ffc6058811a79f0d0c78,284,17,17,True,READY
87,984.0,11955,LAG,9baf20a3414cd4412c07,341,27,14,True,READY
88,979.0,13281,Bushido Wildcats,347e60be70d4afed29f5,331,10,10,True,READY
89,977.0,13619,BET-M,d1997d69c404a98d1b76,195,8,8,True,READY
90,975.0,13924,Black Phoenix,,165,2,0,True,PARTIAL
91,973.0,13314,KOLESIE,e8287d89dea8c1e92e4d,210,10,10,True,READY
92,970.0,13499,Voca,561ec338f0d24d7c4910,224,11,11,True,READY
93,967.0,12267,UNiTY,961e3be6691601cf603f,405,27,23,True,READY
94,967.0,13808,Walczaki,042922c232bfd59e5b8b,147,5,5,True,READY
95,963.0,7187,Nexus,574b0d3cf2502fc2ba03,477,27,27,True,READY
96,959.0,13214,SPARTA,d697d7042e91a6e063f8,543,15,8,True,READY
97,952.0,12959,ShindeN,0788c484a1818e5a6a23,391,27,15,True,READY
98,951.0,13901,ex-RUSTEC,d95376afadedca7d6a7a,143,2,2,True,PARTIAL
99,944.0,12857,FORZE Reload,1c5eb5017c493c82509a,452,20,13,True,READY
100,939.0,11699,BAKS,960ff0e6c968a052e212,100,3,1,True,PARTIAL
101,939.0,13304,LP,f05957b82dce82160422,298,14,12,True,READY
102,927.0,10459,ARCRED,54d5af26fed8e2037f75,443,27,25,True,READY
103,920.0,13623,STATE,c8cf8cfee09e87cca48f,174,8,7,True,READY
104,919.0,8536,Ground Zero,8bba7673ddd3d7a4ea68,244,14,14,True,READY
105,911.0,13124,Marsborne,b315ae2a0e18bc654ba4,464,22,14,True,READY
106,911.0,12604,Johnny Speeds,28fefe5094ccb7d4b2b7,489,27,26,True,READY
107,904.0,12889,G2 Ares,7530516c0d2d0ffe6302,313,17,9,True,READY
108,901.0,6089,The Last Resort,e51e46ade62533cad99a,176,9,9,True,READY
109,896.0,13681,Inner Circle Academy,,166,6,0,True,PARTIAL
110,895.0,13776,Just Players,,199,5,3,True,READY
112,883.0,11446,Leo,,492,20,20,True,READY
114,881.0,12609,Lavked,,252,6,5,True,READY
115,878.0,13799,PsychoFace,338561d5d37924076cbb,88,5,5,True,READY
116,874.0,7900,Spirit Academy,,275,24,8,True,READY
117,873.0,7865,HAVU,fb7838b0a70059b63f11,268,17,16,True,READY
118,872.0,12776,Bounty Hunters,d7ba80171b93121bf02b,495,26,15,True,READY
119,871.0,13107,Chicken Coop,,221,18,0,True,PARTIAL
120,869.0,7120,Entropy,,150,5,0,True,PARTIAL
121,867.0,13724,5star,a85cef74e8f56e40d059,111,6,6,True,READY
122,862.0,4869,ENCE,cc3af0b14ed3198d8660,466,27,27,True,READY
123,860.0,13991,Azuolas,,36,1,0,True,PARTIAL
124,851.0,13937,Nordic Partners,92a04594d14380d991a1,31,2,2,True,PARTIAL
125,850.0,4246,Enjoy,,91,6,0,True,PARTIAL
126,849.0,12642,RBLS,4cbbbad01d97b153ea29,237,1,1,True,PARTIAL
127,847.0,10371,NAVI Junior,,249,15,13,True,READY
128,840.0,13759,mellren,,67,2,0,True,PARTIAL
129,839.0,13651,ReThink,,56,7,0,True,PARTIAL
130,839.0,10867,MASONIC,8831d94000d955cfedb7,287,10,10,True,READY
131,836.0,11768,ODDIK,419be3cf01a3fa5ac687,382,25,22,True,READY
133,835.0,13683,WBT,,87,3,0,True,PARTIAL
134,833.0,13012,HYPERSPIRIT,,226,12,8,True,READY
135,833.0,12087,Lazer Cats,8d1d44d2eaaccb75283a,178,17,12,True,READY
136,832.0,13667,NEXVOID,dbf7f724d59a7bbe3bef,142,7,7,True,READY
138,827.0,13054,PCIFIC,,101,5,2,True,PARTIAL
139,823.0,6033,Keyd Stars,427597367e42adfc4597,333,15,12,True,READY
140,822.0,13805,Washed,,11,3,0,False,MISSING
141,816.0,13552,Endless Journey,,69,6,0,True,PARTIAL
142,814.0,11514,Rare Atom,90b6580294f9baaab03f,371,27,23,True,READY
143,810.0,7653,Isurus,c64c2510063a74a30b29,169,8,8,True,READY
144,810.0,11110,Honvéd,,146,4,0,True,PARTIAL
145,809.0,9958,Alter Ego,,81,11,0,True,PARTIAL
146,808.0,12769,Fisher College,508684bdc5b8b876b8c6,167,18,16,True,READY
147,807.0,12800,For Fun,,29,1,0,True,PARTIAL
148,807.0,13599,benched gods,,91,4,0,True,PARTIAL
149,807.0,12426,Passion UA,c1717c6bbcf5638ad467,393,27,27,True,READY
150,793.0,6914,Without a Roof,,57,1,0,True,PARTIAL
151,787.0,13877,Noir Verse,,106,3,0,True,PARTIAL
152,787.0,12646,Chinggis Warriors,4f71830ed12ece962920,362,27,27,True,READY
153,786.0,13756,ALKA,,117,5,0,True,PARTIAL
154,785.0,13571,SINQU,,36,9,9,True,PARTIAL
