snapshot_date,player_id,player_name,maps,rating,kd,adr,kast,kpr,dpr
2026-04-05,11893,zywoo,47,1.491,1.6937618147448015,87.781,79.417,,
2026-04-05,22475,nestee,3,1.49,1.5151515151515151,82.867,77.267,,
2026-04-05,18119,cerber,4,1.455,1.108695652173913,82.975,73.325,,
2026-04-05,21167,donk,36,1.454,1.3465909090909092,97.633,77.508,,
2026-04-05,21108,caleyy,4,1.385,1.3829787234042554,89.7,73.9,,
2026-04-05,17113,szejn,5,1.384,1.0526315789473684,88.78,77.66,,
2026-04-05,4679,jks,20,1.345,1.2371541501976284,83.87,77.23,,
2026-04-05,16693,flamez,47,1.341,1.2355623100303952,82.289,77.64,,
2026-04-05,15165,blamef,67,1.337,1.3928571428571428,88.051,79.3,,
2026-04-05,18744,z4kr,16,1.336,1.4375,83.587,75.937,,
2026-04-05,20625,banjo,8,1.335,1.2913385826771653,81.737,79.787,,
2026-04-05,21369,1nvisiblee,9,1.33,1.145985401459854,89.067,75.967,,
2026-04-05,17384,vexite,20,1.327,1.207142857142857,83.98,76.44,,
2026-04-05,24747,suki,11,1.294,1.1158536585365855,84.609,70.345,,
2026-04-05,19230,m0nesy,46,1.29,1.3915966386554621,80.665,76.989,,
2026-04-05,23461,pepe,13,1.281,1.1067415730337078,83.838,74.323,,
2026-04-05,10892,marke,9,1.276,1.2323232323232323,83.3,77.233,,
2026-04-05,19173,fnk,3,1.273,1.0833333333333333,85.367,75.267,,
2026-04-05,23397,poiii,30,1.269,1.188183807439825,87.097,71.98,,
2026-04-05,21667,magnojez,86,1.268,1.13420245398773,87.207,74.113,,
2026-04-05,20113,deko,69,1.266,1.3039742212674543,83.916,73.061,,
2026-04-05,24807,slaxejezzz,47,1.264,1.11781206171108,84.396,74.0,,
2026-04-05,24177,kyousuke,36,1.264,1.187956204379562,85.544,74.078,,
2026-04-05,22181,urban0,3,1.263,1.2758620689655173,74.733,77.333,,
2026-04-05,11139,alistair,10,1.26,1.5075757575757576,79.52,79.52,,
2026-04-05,20394,luchov,95,1.254,1.1510416666666667,84.205,74.019,,
2026-04-05,16920,sh1ro,36,1.254,1.4611764705882353,79.311,78.156,,
2026-04-05,8528,hobbit,42,1.243,1.2049036777583186,83.631,75.279,,
2026-04-05,20960,ex1st,23,1.242,1.0952380952380953,81.722,74.496,,
2026-04-05,19206,jl,10,1.237,1.1266666666666667,80.49,72.74,,
2026-04-05,23764,alv,35,1.236,1.324731182795699,79.12,71.28,,
2026-04-05,8575,calyx,7,1.236,1.2626262626262625,75.814,76.1,,
2026-04-05,23192,kl1m,58,1.236,1.2986536107711137,79.057,74.671,,
2026-04-05,23457,zesta,9,1.236,1.0916030534351144,79.7,71.656,,
2026-04-05,21037,insani,58,1.235,1.1003420752565565,84.688,74.478,,
2026-04-05,23319,syph0,93,1.235,1.1087124132613724,79.139,74.018,,
2026-04-05,22362,xureba,3,1.233,1.205128205128205,86.567,77.067,,
2026-04-05,20878,adamb,33,1.233,1.1224899598393574,78.685,75.685,,
2026-04-05,22613,huasopeek,95,1.229,1.1360437842064113,75.506,75.139,,
2026-04-05,24083,mail09,85,1.226,1.174782608695652,79.771,74.889,,
2026-04-05,23372,xkacpersky,55,1.225,1.0712589073634204,82.413,72.698,,
2026-04-05,18865,dav1deus,62,1.223,1.09865005192108,82.492,73.744,,
2026-04-05,18545,asap,10,1.222,1.1513157894736843,80.8,73.79,,
2026-04-05,19645,jamyoung,27,1.222,1.0935828877005347,78.704,75.667,,
2026-04-05,24457,xelex,105,1.221,1.1576947435085496,81.553,72.708,,
2026-04-05,20903,senzu,30,1.22,1.155844155844156,84.787,71.383,,
2026-04-05,23783,fineshine52,8,1.22,1.2115384615384615,76.25,74.663,,
2026-04-05,19972,ckzao,3,1.22,1.0465116279069768,92.6,65.067,,
2026-04-05,22535,dwushka,12,1.219,1.10989010989011,80.458,74.208,,
2026-04-05,9278,rez,48,1.218,1.148876404494382,83.715,74.723,,
2026-04-05,22673,makazze,62,1.218,1.0635593220338984,83.218,74.484,,
2026-04-05,13602,nicoodoz,75,1.213,1.2583025830258303,83.147,74.829,,
2026-04-05,20700,lattykk,77,1.212,1.281025641025641,72.827,75.047,,
2026-04-05,14736,dgt,95,1.211,1.198406374501992,79.756,74.672,,
2026-04-05,22884,gr1ks,67,1.209,1.3690932311621966,76.67,76.104,,
2026-04-05,20304,staehr,68,1.209,1.0640495867768596,82.375,72.512,,
2026-04-05,11816,ropz,47,1.209,1.295373665480427,75.077,79.243,,
2026-04-05,20637,b1elany,60,1.207,1.140371229698376,78.548,76.335,,
2026-04-05,19694,nqz,59,1.206,1.2391590013140605,76.341,74.071,,
2026-04-05,24173,tenzy,64,1.205,1.1086294416243654,79.588,73.141,,
2026-04-05,14929,jdc,67,1.204,1.128997867803838,79.175,77.016,,
2026-04-05,19874,masval,64,1.203,1.0540827147401908,75.341,73.605,,
2026-04-05,22361,jottaaa,39,1.203,1.139963167587477,78.785,71.813,,
2026-04-05,18221,spinx,46,1.203,1.1728,79.278,74.891,,
2026-04-05,15698,dumau,49,1.203,1.1258549931600548,86.639,73.478,,
2026-04-05,20462,story,20,1.202,1.330708661417323,76.93,72.975,,
2026-04-05,20097,h4rn,15,1.202,1.3431372549019607,78.307,73.92,,
2026-04-05,15914,luken,52,1.199,1.1153846153846154,78.59,73.044,,
2026-04-05,22886,xeedo,118,1.198,1.0749295774647887,79.049,73.261,,
2026-04-05,20447,heavygod,73,1.197,1.1137295081967213,75.426,76.699,,
2026-04-05,16551,westmelon,16,1.197,0.9878542510121457,77.781,70.744,,
2026-04-05,15631,kscerato,67,1.196,1.1589403973509933,76.993,73.57,,
2026-04-05,22921,lake,50,1.196,1.0137741046831956,82.718,72.946,,
2026-04-05,21779,nut-nut,73,1.196,1.0751665080875357,73.282,74.471,,
2026-04-05,20207,raijin,72,1.195,1.1159844054580896,81.088,73.446,,
2026-04-05,22649,oneun1que,35,1.195,1.1684981684981686,82.297,75.583,,
2026-04-05,8311,nemanha,82,1.191,1.0341741253051262,82.426,71.999,,
2026-04-05,16612,n0rb3r7,73,1.191,1.0595348837209302,81.167,72.189,,
2026-04-05,20813,vldn,7,1.19,1.0707070707070707,70.9,74.057,,
2026-04-05,9960,frozen,48,1.19,1.0857988165680474,77.769,73.679,,
2026-04-05,21239,martinezsa,50,1.19,1.3114241001564946,75.618,75.004,,
2026-04-05,16726,phzy,68,1.188,1.180887372013652,75.022,72.935,,
2026-04-05,19698,adams,104,1.186,1.1642335766423357,74.161,76.139,,
2026-04-05,15385,kaluber,75,1.185,1.1285583103764922,79.855,73.731,,
2026-04-05,9436,nertz,47,1.184,1.0652777777777778,82.451,73.334,,
2026-04-05,17145,rainwaker,50,1.184,1.0785413744740533,75.712,72.8,,
2026-04-05,24144,molodoy,67,1.183,1.250843644544432,74.855,72.715,,
2026-04-05,24725,qw1nk1,118,1.181,1.028705330990041,74.64,72.752,,
2026-04-05,19187,xfl0ud,63,1.181,1.022950819672131,81.849,72.881,,
2026-04-05,7998,s1mple,33,1.18,1.196035242290749,81.542,75.224,,
2026-04-05,18447,dssj,72,1.179,1.194915254237288,76.926,71.283,,
2026-04-05,22039,danistzz,40,1.179,1.106312292358804,80.9,74.698,,
2026-04-05,3741,niko,46,1.177,1.108320251177394,75.707,75.159,,
2026-04-05,22333,miq,9,1.177,1.144927536231884,84.044,66.478,,
2026-04-05,18214,nettik,20,1.177,1.049618320610687,70.595,76.42,,
2026-04-05,22570,tomaszin,59,1.176,1.0923913043478262,83.044,73.137,,
2026-04-05,21621,moseyuh,27,1.176,1.169811320754717,74.585,74.133,,
2026-04-05,19763,boros,12,1.175,1.0051546391752577,92.492,71.258,,
2026-04-05,19926,afro,50,1.175,1.1991017964071857,76.284,72.056,,
2026-04-05,21062,matys,73,1.174,1.0916179337231968,76.375,76.734,,
2026-05-03,11893,zywoo,60,1.509,1.681241184767278,90.623,79.965,,
2026-05-03,22475,nestee,3,1.49,1.5151515151515151,82.867,77.267,,
2026-05-03,17113,szejn,5,1.384,1.0526315789473684,88.78,77.66,,
2026-05-03,21167,donk,41,1.361,1.2381756756756757,92.541,75.498,,
2026-05-03,18744,z4kr,11,1.342,1.4025157232704402,83.727,76.073,,
2026-05-03,19230,m0nesy,39,1.338,1.3864541832669324,80.526,78.674,,
2026-05-03,24747,suki,4,1.305,1.098360655737705,86.975,65.825,,
2026-05-03,16693,flamez,60,1.283,1.1664739884393063,80.707,77.362,,
2026-05-03,12945,blytz,7,1.279,1.1047619047619048,83.971,73.6,,
2026-05-03,21667,magnojez,70,1.277,1.1369863013698631,87.243,74.811,,
2026-05-03,24807,slaxejezzz,56,1.275,1.1394230769230769,85.198,74.327,,
2026-05-03,19173,fnk,3,1.273,1.0833333333333333,85.367,75.267,,
2026-05-03,20113,deko,69,1.266,1.3039742212674543,83.916,73.061,,
2026-05-03,19926,afro,60,1.263,1.2829457364341086,79.717,73.595,,
2026-05-03,11139,alistair,10,1.26,1.5075757575757576,79.52,79.52,,
2026-05-03,22535,dwushka,6,1.26,1.1546391752577319,82.35,75.75,,
2026-05-03,21143,sk1tt,3,1.26,1.175,74.733,80.033,,
2026-05-03,19645,jamyoung,38,1.258,1.114119922630561,82.116,75.797,,
2026-05-03,22673,makazze,73,1.256,1.1109022556390977,84.575,74.742,,
2026-05-03,12004,clax,17,1.249,1.2422907488986785,81.112,74.618,,
2026-05-03,20903,senzu,40,1.248,1.1716666666666666,86.352,72.042,,
2026-05-03,9278,rez,41,1.248,1.1674718196457328,83.085,74.82,,
2026-05-03,11271,smooya,5,1.246,1.3676470588235294,83.28,71.24,,
2026-05-03,21037,insani,27,1.244,1.1310679611650485,86.33,75.463,,
2026-05-03,19694,nqz,49,1.242,1.2770700636942676,78.188,74.249,,
2026-05-03,19206,jl,10,1.237,1.1266666666666667,80.49,72.74,,
2026-05-03,20394,luchov,76,1.237,1.128060263653484,82.711,72.503,,
2026-05-03,15203,reiko,37,1.236,1.0631911532385465,90.214,74.741,,
2026-05-03,13602,nicoodoz,74,1.233,1.276851851851852,84.308,75.208,,
2026-05-03,18838,hext,19,1.232,1.2452107279693487,74.616,73.937,,
2026-05-03,23319,syph0,78,1.231,1.1028368794326242,80.628,72.515,,
2026-05-03,23372,xkacpersky,58,1.23,1.1097142857142857,83.298,72.61,,
2026-05-03,20304,staehr,65,1.228,1.101528384279476,82.786,72.003,,
2026-05-03,24083,mail09,86,1.228,1.1826839826839828,80.033,75.36,,
2026-05-03,21369,1nvisiblee,13,1.227,1.020100502512563,84.708,72.585,,
2026-05-03,22961,finw,6,1.223,1.1923076923076923,79.317,79.033,,
2026-05-03,13298,aleks,7,1.223,0.990990990990991,78.943,66.657,,
2026-05-03,18545,asap,10,1.222,1.1513157894736843,80.8,73.79,,
2026-05-03,20625,banjo,24,1.222,1.1010928961748634,79.496,79.321,,
2026-05-03,11816,ropz,60,1.221,1.287248322147651,77.668,77.572,,
2026-05-03,24173,tenzy,59,1.221,1.0764192139737991,77.315,71.775,,
2026-05-03,23783,fineshine52,8,1.22,1.2115384615384615,76.25,74.662,,
2026-05-03,15165,blamef,68,1.219,1.255813953488372,82.674,76.646,,
2026-05-03,22333,miq,19,1.217,1.1475409836065573,86.463,71.0,,
2026-05-03,20878,adamb,31,1.217,1.100642398286938,78.006,75.594,,
2026-05-03,17378,reck,19,1.217,1.1213235294117647,72.711,75.505,,
2026-05-03,22886,xeedo,108,1.213,1.0886308068459658,79.771,74.082,,
2026-05-03,23397,poiii,42,1.211,1.1166407465007777,83.71,71.4,,
2026-05-03,15631,kscerato,66,1.211,1.2042648709315376,78.959,72.862,,
2026-05-03,24457,xelex,86,1.21,1.1554900515843773,82.185,72.219,,
2026-05-03,20637,b1elany,51,1.207,1.1268357810413885,78.641,74.837,,
2026-05-03,20447,heavygod,80,1.206,1.1070763500931098,74.92,76.187,,
2026-05-03,24725,qw1nk1,108,1.206,1.0477402928071293,74.806,73.477,,
2026-05-03,4679,jks,13,1.205,1.0994475138121547,77.969,72.969,,
2026-05-03,20097,h4rn,26,1.205,1.282967032967033,78.35,72.527,,
2026-05-03,21621,moseyuh,38,1.204,1.1996086105675148,75.918,74.995,,
2026-05-03,8918,electronic,24,1.204,1.1143695014662756,80.796,73.092,,
2026-05-03,23461,pepe,24,1.203,1.0753012048192772,81.575,74.413,,
2026-05-03,16920,sh1ro,41,1.202,1.3933747412008282,77.12,75.588,,
2026-05-03,22911,doc,48,1.201,1.0907738095238095,81.388,72.969,,
2026-05-03,24177,kyousuke,37,1.198,1.0749574105621806,81.714,73.505,,
2026-05-03,20761,launx,57,1.197,1.094316807738815,77.16,74.982,,
2026-05-03,22361,jottaaa,43,1.196,1.1304347826086956,78.712,70.381,,
2026-05-03,17145,rainwaker,60,1.196,1.1205846528623629,75.612,73.717,,
2026-05-03,15914,luken,38,1.196,1.1176470588235294,78.858,72.468,,
2026-05-03,22649,oneun1que,32,1.192,1.1686507936507937,82.875,75.744,,
2026-05-03,17384,vexite,13,1.192,1.0729166666666667,76.838,74.062,,
2026-05-03,21239,martinezsa,45,1.191,1.2807881773399015,76.422,73.842,,
2026-05-03,21385,mizu,61,1.191,1.1195266272189348,77.493,73.707,,
2026-05-03,21779,nut-nut,72,1.19,1.065196548418025,73.161,74.628,,
2026-05-03,20813,vldn,7,1.19,1.0707070707070707,70.9,74.057,,
2026-05-03,8311,nemanha,64,1.187,1.0061855670103093,82.995,72.614,,
2026-05-03,18447,dssj,51,1.187,1.1615720524017468,77.214,68.649,,
2026-05-03,9960,frozen,52,1.183,1.0749665327978581,77.469,73.731,,
2026-05-03,20994,fl4mus,45,1.182,1.0903614457831325,79.667,70.262,,
2026-05-03,15698,dumau,54,1.18,1.1716906946264745,84.148,74.191,,
2026-05-03,20709,r3salt,71,1.179,1.0800762631077216,80.546,74.58,,
2026-05-03,19874,masval,59,1.179,1.0383314543404736,74.303,72.263,,
2026-05-03,20357,d1ledez,47,1.179,1.131578947368421,78.262,73.0,,
2026-05-03,22613,huasopeek,76,1.178,1.0826923076923076,74.028,73.218,,
2026-05-03,18221,spinx,51,1.178,1.1518248175182482,77.531,74.518,,
2026-05-03,16948,travis,89,1.178,1.110773899848255,74.835,73.428,,
2026-05-03,23457,zesta,19,1.177,1.013745704467354,74.879,71.242,,
2026-05-03,20127,w0nderful,73,1.177,1.2419533851276359,72.363,75.54,,
2026-05-03,23192,kl1m,27,1.176,1.2213541666666667,74.819,75.2,,
2026-05-03,3741,niko,39,1.175,1.083941605839416,76.028,73.262,,
2026-05-03,22326,kaide,93,1.175,1.0628887353144436,84.432,72.872,,
2026-05-03,19045,latto,54,1.173,1.125,76.394,76.824,,
2026-05-03,22927,executor,48,1.173,1.0954415954415955,77.585,72.525,,
2026-05-03,20462,story,13,1.172,1.2126436781609196,73.6,70.708,,
2026-05-03,21439,icy,21,1.171,1.2941176470588236,77.0,72.919,,
2026-05-03,20960,ex1st,15,1.171,1.0669456066945606,77.913,71.04,,
2026-05-03,22570,tomaszin,38,1.171,1.1011804384485666,83.521,73.332,,
2026-05-03,16487,eraa,86,1.171,1.2927272727272727,79.641,74.133,,
2026-05-03,22040,z1nny,48,1.171,1.0040485829959513,78.579,71.677,,
2026-05-03,19064,spooke,31,1.169,1.102880658436214,81.681,71.848,,
2026-05-03,23927,tried,27,1.169,1.2252747252747254,74.522,69.456,,
2026-05-03,23600,alkaren,10,1.168,1.1935483870967742,73.06,73.03,,
2026-05-03,22350,ct0m,81,1.168,1.0773759461732548,82.196,70.13,,
2026-05-03,16555,ax1le,58,1.166,1.1014851485148516,77.431,73.417,,
2026-08-02,21167,donk,45,1.559,1.406296851574213,97.349,78.207,,
2026-08-02,23541,tasman,7,1.543,1.4431818181818181,97.386,80.086,,
2026-08-02,20228,j3kie,4,1.41,1.4186046511627908,81.95,76.925,,
2026-08-02,23292,pump,7,1.409,1.4318181818181819,99.229,81.043,,
2026-08-02,20879,maxster,8,1.398,1.3762376237623761,86.725,80.612,,
2026-08-02,24111,junyme,6,1.397,1.3888888888888888,83.867,76.9,,
2026-08-02,26073,dan9armatura,5,1.39,1.3064516129032258,84.32,78.82,,
2026-08-02,13602,nicoodoz,3,1.39,1.3055555555555556,88.233,75.467,,
2026-08-02,11893,zywoo,28,1.378,1.456973293768546,84.904,76.279,,
2026-08-02,21037,insani,29,1.375,1.1678657074340528,95.131,76.707,,
2026-08-02,24144,molodoy,30,1.337,1.4480874316939891,85.003,77.417,,
2026-08-02,19614,s4ltovsk1yy,4,1.325,1.7428571428571429,74.15,79.25,,
2026-08-02,18240,smash,4,1.323,1.4047619047619047,85.2,80.775,,
2026-08-02,23543,demente,12,1.32,1.2781456953642385,80.792,74.833,,
2026-08-02,24920,dezl3bio,5,1.318,1.2903225806451613,80.02,74.46,,
2026-08-02,21715,flayy,14,1.316,1.355,81.429,74.486,,
2026-08-02,19698,adams,3,1.307,1.2692307692307692,87.6,78.167,,
2026-08-02,20207,raijin,18,1.298,1.2123552123552124,84.856,71.75,,
2026-08-02,22129,antyvirus,19,1.294,1.3204225352112675,88.621,74.426,,
2026-08-02,19045,latto,41,1.29,1.3097014925373134,82.273,75.38,,
2026-08-02,21431,sstinix,14,1.288,1.1666666666666667,88.007,72.736,,
2026-08-02,19114,kylar,17,1.288,1.236734693877551,80.659,74.288,,
2026-08-02,18850,jimpphat,12,1.286,1.3006993006993006,85.683,76.8,,
2026-08-02,22333,miq,11,1.282,1.1581920903954803,85.336,68.982,,
2026-08-02,23642,flierax,5,1.28,1.3968253968253967,79.94,76.66,,
2026-08-02,19230,m0nesy,52,1.279,1.3776223776223777,80.512,74.619,,
2026-08-02,21272,tak,6,1.267,1.2380952380952381,85.55,78.017,,
2026-08-02,20607,buda,22,1.263,1.14375,85.491,76.268,,
2026-08-02,18987,b1t,29,1.261,1.3,86.259,77.476,,
2026-08-02,4679,jks,19,1.257,1.1906614785992218,84.126,76.632,,
2026-08-02,22676,karnez,11,1.247,1.127388535031847,82.927,71.791,,
2026-08-02,20312,xertion,58,1.247,1.1430363864491844,86.072,76.44,,
2026-08-02,20878,adamb,20,1.246,1.1559322033898305,79.185,72.185,,
2026-08-02,23046,jambo,27,1.243,1.2655826558265582,79.73,72.304,,
2026-08-02,23637,b1st,46,1.236,1.2488262910798122,78.207,72.757,,
2026-08-02,20447,heavygod,42,1.235,1.0827922077922079,79.736,73.36,,
2026-08-02,20113,deko,25,1.235,1.3723723723723724,81.08,69.332,,
2026-08-02,16555,ax1le,58,1.234,1.1727941176470589,85.041,75.445,,
2026-08-02,16920,sh1ro,45,1.228,1.4398496240601504,76.358,78.209,,
2026-08-02,24177,kyousuke,52,1.225,1.123020706455542,83.496,74.219,,
2026-08-02,22182,ksloks,8,1.225,1.348314606741573,72.938,76.675,,
2026-08-02,22879,fenomen,48,1.224,1.3548895899053628,77.99,75.885,,
2026-08-02,24749,fraguty,13,1.223,1.0721153846153846,74.015,74.231,,
2026-08-02,20394,luchov,42,1.223,1.1104199066874028,85.49,70.429,,
2026-08-02,20870,sl3nd,39,1.223,1.3041749502982107,84.744,73.069,,
2026-08-02,20127,w0nderful,29,1.222,1.3854748603351956,75.107,76.821,,
2026-08-02,18689,annihilation,6,1.22,1.3414634146341464,79.783,74.3,,
2026-08-02,21243,wicadia,37,1.217,1.16798418972332,80.516,73.114,,
2026-08-02,18838,hext,14,1.217,1.186046511627907,71.25,77.321,,
2026-08-02,21667,magnojez,36,1.217,1.121900826446281,82.386,69.897,,
2026-08-02,15165,blamef,16,1.215,1.2890995260663507,85.65,75.469,,
2026-08-02,21288,venomzera,29,1.214,1.0565110565110565,76.772,74.262,,
2026-08-02,20686,suonko,19,1.209,1.0666666666666667,85.332,70.379,,
2026-08-02,24826,sa1nty,9,1.207,1.2017543859649122,77.889,75.122,,
2026-08-02,17384,vexite,19,1.205,1.1325757575757576,78.863,74.916,,
2026-08-02,21710,notineki,10,1.204,1.1726618705035972,75.31,73.26,,
2026-08-02,13915,yekindar,30,1.204,1.0663615560640731,83.043,74.377,,
2026-08-02,21809,910,43,1.202,1.2113564668769716,76.688,73.602,,
2026-08-02,23770,cronuss,36,1.2,1.006980802792321,83.825,72.681,,
2026-08-02,20709,r3salt,44,1.2,1.0783034257748776,84.195,73.209,,
2026-08-02,18120,sinnopsyy,23,1.199,1.0211081794195251,84.939,74.065,,
2026-08-02,20304,staehr,27,1.199,1.0687022900763359,82.104,72.381,,
2026-08-02,23551,tomate,31,1.198,1.0935960591133005,78.219,75.797,,
2026-08-02,22570,tomaszin,22,1.198,1.0144508670520231,83.932,75.459,,
2026-08-02,15631,kscerato,30,1.197,1.225974025974026,78.633,77.64,,
2026-08-02,17353,cxzi,14,1.19,1.0309278350515463,77.193,77.343,,
2026-08-02,24281,st0m4k,11,1.19,1.0759493670886076,77.391,76.791,,
2026-08-02,25712,tw1sterzaza,5,1.19,1.0289855072463767,81.72,76.52,,
2026-08-02,7592,device,44,1.189,1.3053173241852487,79.473,73.227,,
2026-08-02,22361,jottaaa,33,1.188,1.0683453237410072,82.239,71.936,,
2026-08-02,20522,gbb,31,1.188,1.0765661252900232,81.229,73.565,,
2026-08-02,23319,syph0,45,1.186,1.1305732484076434,79.871,74.064,,
2026-08-02,21385,mizu,32,1.186,1.1008064516129032,80.947,70.347,,
2026-08-02,10394,twistzz,27,1.186,1.071078431372549,75.13,72.633,,
2026-08-02,18545,asap,12,1.184,1.0340909090909092,80.7,71.958,,
2026-08-02,9254,mopoz,44,1.184,1.0302158273381294,77.88,71.934,,
2026-08-02,17181,naitte,8,1.182,1.0442477876106195,84.162,69.35,,
2026-08-02,23397,poiii,44,1.182,1.053651266766021,79.932,75.509,,
2026-08-02,14494,junior,6,1.182,1.3484848484848484,68.15,76.467,,
2026-08-02,8311,nemanha,14,1.181,1.037037037037037,80.921,74.936,,
2026-08-02,20451,abizz,13,1.18,1.07,78.654,74.323,,
2026-08-02,21988,opdust,5,1.18,0.9864864864864865,76.86,71.16,,
2026-08-02,15698,dumau,41,1.18,1.116751269035533,82.11,73.056,,
2026-08-02,18214,nettik,19,1.179,1.0233463035019454,76.095,79.9,,
2026-08-02,20637,b1elany,56,1.178,1.0940476190476192,76.587,72.657,,
2026-08-02,20090,zyphon,36,1.178,1.0164835164835164,76.672,75.156,,
2026-08-02,23544,hitori,6,1.177,1.2,77.383,72.883,,
2026-08-02,3741,niko,52,1.176,1.083762886597938,75.729,73.533,,
2026-08-02,18790,cacanito,23,1.176,1.105849582172702,80.326,74.996,,
2026-08-02,23047,sdaim,44,1.176,1.0583333333333333,77.111,73.357,,
2026-08-02,16487,eraa,33,1.175,1.2643171806167401,78.258,74.433,,
2026-08-02,9960,frozen,27,1.174,1.097938144329897,77.126,75.389,,
2026-08-02,21263,olimp,84,1.174,0.998472116119175,83.018,70.585,,
2026-08-02,18865,dav1deus,13,1.174,1.0785340314136125,82.962,70.931,,
2026-08-02,21367,spirit,14,1.173,0.9764150943396226,75.65,75.943,,
2026-08-02,7996,cruc1al,9,1.172,1.236842105263158,75.956,76.122,,
2026-08-02,26124,bexyz,6,1.17,1.1157894736842104,76.55,74.483,,
2026-08-02,16847,mhl,14,1.169,1.2514285714285713,78.564,76.843,,
2026-08-02,21571,leakz,22,1.169,1.0894568690095847,79.341,69.573,,
2026-08-02,7528,krimz,22,1.166,1.051779935275081,74.123,73.668,,
