roster_hash,team_ids,team_names,variant_count
002fb8f39293ca5b857c,12878,BC.Game,2
0061cb28f6779a87473d,11838,Partizan,2
008df279d63681cf55a9,3044,MIBR Academy,5
00c25d960399ef044f5b,13983,Vitalem Aerem,1
00c93be2d895e606b2d0,13776,Just Players,2
00e6d4709d6e129ae7e4,12646,Chinggis Warriors,2
01134b9436d19628d7ca,6626,MINLATE,1
0115c495bdaf1794db6e,10621;13644,1win;TDK,2
01377c9695eeb3925cf1,13097;13148,DogEvil;Fated Rise,4
01485856129fefb548c8,13340,CSDIILIT,2
01b12c2fdae17201dc37,6248,The MongolZ,1
0263b6b78c44c49580b4,12000,500,1
02719e07c49e93b5c038,13623,STATE,4
0295d1f50520d405f9d3,5005,Complexity,1
02b3dad2593e2c1cf5f4,5973,Liquid,5
02c5489bbd6d48709c11,10503,OG,6
032026e7a81f2944d094,12257,Wildcard,1
032eef28ae3540439bcb,13510;13799,PsychoFace;QWENTRY,5
035a7b08994c4486e515,13475,FOLHA AMARELA,1
03930c7c65617aec48ea,12474,Alliance,5
042922c232bfd59e5b8b,13808,Walczaki,1
043e31e963ce7277bf47,12467,PARIVISION,9
0486ea64cb7a5f05826a,12646,Chinggis Warriors,3
04937554e3c34d4ac18c,11251,Eternal Fire,1
05357aa633fe11759c40,8113;13926,DENDELE;Sharks,12
0550c99cc52c81bef2b2,9881,Rooster,2
05a06f2f02a46096493e,11251,Eternal Fire,4
05a56bdf4b57fcae5437,4863,TYLOO,6
05a7293f4e2106957e49,11018,megoshort,2
05e938387899431363a7,12586,AMKAL,1
06197469c87fcf7fc690,13053,Just Swing,9
0704dd9f459ba3b327e7,6665,Astralis,4
07729bc73afc6242f3df,12586,AMKAL,2
0788c484a1818e5a6a23,12959,ShindeN,1
07e3abb59aafbd11d2e0,12988,GameHunters,1
084edd6496736d402877,7441,ECLOT,7
0879d2468d07e7792f62,12144,BESTIA,3
08cb3a4c68233b3b9901,5973,Liquid,8
08ccd1138f5a4981b319,9455,Imperial,2
08dd10279c7696fd6469,6673,NRG,2
08e9948a9b34bce5efdf,12554,regain,2
090af28c5f21b7845839,13708,5Actors,5
094e0172259e2ecc3449,13380,9BOOMPRO,5
095df7239eaf635751aa,12776,Bounty Hunters,2
0a254842e1149d2d09f6,11251;11861,Aurora;Eternal Fire,16
0a9edd429f8c2d65e0b9,11609,GenOne,6
0bc13c14971800e30b3e,10254,BIG Academy,6
0c0065c0b2c46762ecbb,11419,ECSTATIC,5
0c00b65cceb738105b5a,13237,AM,5
0c6a726e6fc83427ec55,,Apogee,7
0ce5cad9da2e56293d9e,4411,Ninjas in Pyjamas,5
0d148559cfb0a5be5e51,5378,Virtus.pro,2
0d15811b7d02be4f9cbe,12812,ALLINNERS,6
0d76c6a91d9adcab7a05,10567,SAW,4
0df7d488e9c8a603d80d,12646,Chinggis Warriors,3
0e51164e6bbde29e85ab,12858,kONO,1
0e7ced82edf77cf5b175,11861;13235,Astrum;Aurora,13
0e7d81e8f7c7407947b8,10333,Sangal,1
0e85ac3721ae63ff4ca6,11883,9 Pandas,2
0ebc4320265d65fe65d0,13375,SportsBetExpert,2
0edb911cc0b146ba53e2,10864,VP.Prodigy,1
0eec6a05f55e73f7f25d,12973,NuTorious,1
0fd23724f279a2fe1534,13501,illwill,5
0ff5f48a0ea5e42891c1,13364,Famalicão,3
0ffd0f19461a929a88e4,11837,Fluxo,2
105f6b552203b0c0c5cd,11018,megoshort,2
1077c390c0889cf611ac,12973;13201,F5;NuTorious,8
10a4d2c47f69466292d8,13106,Getting Info,1
10dd16af0d8ef7254cf3,10976,FURIA fe,27
110d5035a28e4fb1fe97,9455,Imperial,5
114edd783d1398c26977,13501,illwill,2
1191985bc02c56d5769c,12916,Apogee;Betclic,14
11e5f4329955b83cdbd5,12097,Eruption,1
12a910d18a6e1cefcc05,11811,Monte,1
12f64241051c77aee3cc,10278,9INE,2
1355865238730b6db16b,12769,Fisher College,1
135d80b16d19a4cf2b21,12267,UNiTY,4
13fc1402433e4224d17a,12960,Fire Flux,9
13ff3bf50880ed1c8aa0,11718,BIG EQUIPA,4
14048abbf062f10a8a24,7020,Spirit,7
141115268c3a51a45bdf,7176,RED Canids,5
147ad7582e5f73129850,12380,CYBERSHOKE,8
149bf3f58d3a90c3f230,13173,Phantom,1
151b5b878f3c07d13e75,12677,Galorys,2
159abc6f79fc9c136486,7441,ECLOT,4
159d5a78a9fbbd876d68,12677,Galorys,3
15bfadd008c88bd8e7b8,6788,Crashers,1
15f2f17a630b4f6274cc,12586,AMKAL,3
1628bb8f175c2f68e3c7,13617,ex-RUBY,1
167479e138db505c2a26,12646,Chinggis Warriors,4
16a081214320bf9daeb6,6033,Keyd Stars,4
16ae57adceed4e78cb00,4411,Ninjas in Pyjamas,4
16c2d753b24a78b4395e,11514,Rare Atom,2
16eff455cca88a762de3,12474,Alliance,6
17803d4b3f5c1cc0be1e,12124,Insilio,7
179bdc3f5ac646be126d,10567,SAW,1
179bf391f68c205e0bb9,8474,100 Thieves,1
17a3e484c38354ebaa7e,13178,NOVAQ,3
17fd302c5de29b4c8e59,12916,Betclic,1
187e49c0d70d388a6892,12534,BOSS,5
18a87234f5907bb4c123,12471;13355,GUN5;Nemesis,4
1946cba97c12a88f4e2d,13594;13989,CYBERSHOKE Prospects;UPGRADE,5
19d88f5f2ead58e1dbdf,10278,9INE,1
1a1ed055f37e6474e09d,13413,Vasco,1
1a3dcfff1ae4dff47e60,12967,WW,6
1a67dd87e16b576f53f6,4411,Ninjas in Pyjamas,3
1b1217ac8c10e36bc2f4,12467,PARIVISION,6
1b4647825d2172eeba82,10997;12789,LaChampionsLiga;Procyon,7
1b746188881126db5a62,6665,Astralis,2
1bb5496e5f5b88e5ef20,10867,MASONIC,1
1bc6b5f7dbd4c08191d0,12857,FORZE Reload,1
1bf99a6f3e9f2b1bd4a9,4494,MOUZ,2
1c299998799f5210370e,13237;13937,AM;Nordic Partners,3
1c5eb5017c493c82509a,12857,FORZE Reload,1
1c7dbd769cf99bae54c8,6673,NRG,3
1c7f6d4b70c984711fa8,10503,OG,2
1cc9d2b91f2f9e6d9913,12536,DEPO,3
1cebdcf8b94b716e82c0,13098;13280,Chimera;inputprayers,4
1cf6cd800dae9288a266,12380,CYBERSHOKE,2
1d111441e414967038b8,13516,Fingers Crossed fe,3
1dabcf8b6bc61f3c719b,12554;13358,ASPYRE;regain,6
1dcfd140224975a6c38e,11955,LAG,1
1dd57eb0278eb52e3d2e,8038,Party Astronauts,7
1df7cd7c9f7db163da71,13644,TDK,2
1e0f3c8103c3bc917fdd,12257,Wildcard,7
1e2bfc76d6735b5c5710,12988,GameHunters,6
1e62d46e6fafda8a6e23,11955,LAG,1
1e89e429f7f7dde71c4c,13501,illwill,2
1e8dc4b366663fe51a5d,12878,BC.Game,2
1ee5acb720df1bb50596,13027,Nuclear TigeRES,8
1f0bca055eb59e58b424,13263,KOMNATA,1
1f10e1ddeb64858ed9a7,10621,1win,7
1f1dbb0f42b950798552,13081,Fake do Biru,2
1f39a9823201026e22bb,10333,Sangal,6
1f81894aab49ffed004a,11933,Yawara,1
205ddf8f18a2672fc97c,6248,The MongolZ,6
207c2e8550328eb5b8f3,12301,FlyQuest RED,12
209ba76cac3a4ccfb28c,10943,777,4
20ab3985e54ac4d8affb,11933,Yawara,2
211d4d761777d0aa6ee4,5347,BLUEJAYS,6
211deb9c07219e5ea3fb,4548,CPH Wolves,12
21a7646cd27ff716f6a6,12233;12677,Galorys;Solid,13
21f1774b413583472fc9,,KOI,5
226478e93fe49c0382f4,4863,TYLOO,5
22650440d422854b12f0,6673,NRG,2
2290b5484f3845d0a56f,12586,AMKAL,2
23210c1bc77590d5a72a,4822;13470,Oramond;Reason,9
235e5a809ccd8fbfac1b,5973,Liquid,6
239c366f89b0c9626e78,10245,JiJieHao,6
23fbf32475964fa1d8d0,4869,ENCE,4
24ab81558b1ef2521e91,10900,KRÜ,5
25bc7c19c87cf07effc7,12471,GUN5,3
25d1e81278a1e29001ab,12878,BC.Game,4
26629d7dd5e4a60e1228,9996,9z,8
267cb9985c5110461dd3,13812,Project 91,1
26d72f612fa57018806c,9686,Turma do Pagode,1
271effb2897a5924605f,10621,1WIN,6
2740412c48959f554e2c,10577,SINNERS,12
277bbd479dcb475c9994,13838,EAC,1
278d351c9f217b8d7f8d,8474,100 Thieves,6
27fa8b589766a53b6a19,12000;13642,500;SIXSEVEN,6
288d9129454faee22255,12889,G2 Ares,3
28985fe85a9f7a3f2188,9735,Lilmix,1
28cfc982f706b8d65fbc,12586;12747,AMKAL;DMS,7
28e73a0f0518d8fa9ffc,11837,Fluxo,6
28fefe5094ccb7d4b2b7,12604,Johnny Speeds,1
2970fc165b9a9a4d3ea5,8840,Lynn Vision,1
2a0f3f6c35b49557bf52,12878,BC.Game,5
2a24b9aa07e3d07745cc,11251,Eternal Fire,1
2a6c5661f43ac44ccbd1,10960,Young Ninjas,6
2a8806f4822238e9a8ab,12468,Legacy,5
2ad5c3b5d691dfb305ea,12895,K27,1
2bba620cd7ac5204c394,13499,Voca,4
2bc380a21b94f7716bbf,12789;13166,LaChampionsLiga;Prasso,5
2bde7389cf2a5a29ff44,13667,NEXVOID,4
2c03c52da3ae13074093,10371,NAVI Junior,12
2c30e3ac1ffbc21beb69,5995,G2,3
2c632070ba401ebd2e9d,4863,TYLOO,15
2d1bdedd60fc86200dd8,13214,SPARTA,4
2d478e718f1f0f8c4417,4822;11034,M1;Reason,2
2da6af6b3aa2d44cbd7a,6033,Keyd Stars,4
2e1cbf62d54bd303f295,11811,Monte,1
2e6b8a3ce9214aed2816,13479,Omega,1
2e9c58aeb5c57155eaf2,7175,HEROIC,6
2eb72eae58d9b796bd40,5479,Mythic,12
2f11a4310ebce72455cf,4548,CPH Wolves,2
2f6b8f40e062c2af2ee7,12533,Atrix,9
2f6e31b250d41f1925cc,12586,AMKAL,7
2f972f5e34b046bb32e1,13106,Getting Info,1
2f9ca71da4eeb149c84d,12857,FORZE Reload,3
2fa6aae3fbb9f8e7f9b7,11768,ODDIK,4
303df3bc305ad1a2de99,13163,ALGO,2
309228bd27a8720c61d1,10333,Sangal,5
30d3caf2d466dd49ef3a,13499,Voca,1
31036d7867d816f762b5,,Cloud9,11
31d34dd33c29bc1cba86,10503,OG,2
31d5df7a39dded45e859,12586,AMKAL,1
32c8f7ac98a370c074d1,6667,FaZe,1
3322ab6a91fbfb3adc10,13286,FUT,2
335cfe57911dc17efbcb,13808,Walczaki,2
338561d5d37924076cbb,13799,PsychoFace,2
33ae6d2a7009e60c0014,13617,ex-RUBY,1
33e8394c8ca1d1b46a44,12257,Wildcard,1
340932bc20553770df86,13453,HubaBuba,6
3433cd3a6430aa5baa73,13375,SportsBetExpert,2
343a2758f058a2fb6b90,13333,ASTRAL,3
34510d0d8106d40b525c,12769,Fisher College,2
345abb242c90eadd201a,9996,9z,7
346a293a223512477611,12677,Galorys,1
347e60be70d4afed29f5,13281,Bushido Wildcats,4
348dcb940bdf02860873,13482,confidence,2
34daca2b7d6b78502551,11883,9 Pandas,2
34ede30a39edceb4e4f4,13419,Venom,3
3512e66c44bdb336adc8,12769,Fisher College,1
351de843dc8e3cb18d4c,12394,BetBoom,8
357e765de69fc71d333c,6626,MINLATE,5
35b2da0cb01ba7ba577d,10997,Procyon,2
35ec0f60506315d358c0,4991,fnatic,1
36363a662822877ac2c4,13501,illwill,3
3797ea47fc726fe1991c,6667,FaZe,6
37b8d597de5be61440f7,13486,THUNDER dOWNUNDER,10
37f5dab0084d224d74df,10823,INFINITE,1
38a0f75404b060cc68f1,13181,BASEMENT BOYS,1
38c8af120b41af9d9ff4,11811,Monte,6
38feabbd02bc1a45468d,11419,ECSTATIC,7
3901811535021c8b7cec,12431,Betera,10
399ec18a488aff205d39,13310,MANA,4
3a087bf80f19bfccb172,8038,Party Astronauts,2
3a4cd843e3fd795394e8,9215,MIBR,6
3a8433523bb30e8b842e,11712,Sashi,2
3abba0929f68f8dbd73c,12087,Lazer Cats,5
3acbca293fa278a12799,13314,KOLESIE,2
3b11c82d36dd5bf7d31e,,NAVI Javelins,8
3b40a809b0d8c9007db9,5479,Mythic,8
3b94ffe7f901172abfc2,13210,Leça,2
3bc05fc25b51bc00c745,4411,Ninjas in Pyjamas,11
3d0059791db0c4f7bd1f,8113,Sharks,5
3d8f18e7ce8f8b370c8d,11933,Yawara,3
3df0c093029dd07f6fd8,9215,MIBR,4
3e5225d5ac3f5f08f2fd,12510,The Huns,5
3e745e61acc0cfa739a2,13081,Fake do Biru,2
3ec3d3ce7d1a4813ca3f,11581,HOTU,3
3f8b6dbd0178eedfa45d,11837,Fluxo,2
3fdb26044685833c8b78,11641,Metizport,1
40061fd47f8ef085bbbb,12421,Let Her Cook,4
40c4fac672b2a3b95ad7,6788,Crashers,3
40c702299d63a1ed6d38,10459,ARCRED,6
4120092029828a8d3f68,12694,RUBY,7
412c231fcb8464d12a61,13046,CS2News,5
4178295899d8d80d2276,11861,Aurora,5
419be3cf01a3fa5ac687,11768,ODDIK,1
41c4fc4060136f0de900,13192,Roler Coaster,6
427ad60a8b3fe9672cb6,12394,BetBoom,2
42e159c01ad11eff3695,13098,Chimera,4
42f359a93744ea3f74c0,13364,Famalicão,3
4319604aa7eccff679df,,Turkey,2
43702405db407426c08d,12776,Bounty Hunters,5
43a915094bb026a73235,13425,Reign Above,4
43f602c729e986479a12,4494,MOUZ,16
440ea359aba3be9846af,13181,BASEMENT BOYS,5
443c4615601cd0b15794,10278,9INE,5
4451d417de2939623d18,10503,OG,1
4451e7cdc2e9c7fb7004,12548,Dusty Roots,3
44c9e6cd1af1ea99a710,12097,Eruption,3
4542fec7a3ecf4bf4af3,12609,Lavked,4
45a6943ce4087385e762,12787;13623,STATE;WOPA,4
45c4a5edb563d5b3feb3,7376,m1x,1
45d509d0b413e59f0313,3044,MIBR Academy,5
46008e289b64485c0b5c,13280,inputprayers,2
460f2945a49655b53c31,13242,XDM,6
465bb7c4885d1a8e36c3,9621,AaB,1
46f946b744b4ae0ae98c,13703,ex-Fingers Crossed,5
4702984764bd2719f378,12604,Johnny Speeds,2
470f5d0e32cea90a0552,9928,GamerLegion,6
47db532c9c7f5c349ed5,13512,Prison Breakers,5
47e71eaa76b5fa3267f5,10459,ARCRED,6
486523cd7cd16bd59cc7,11811,Monte,6
486da06de1ee8c33aa1d,5995,G2,7
48aba9d867b9c721551d,12097,Eruption,3
48b57f423ddf478e3c3e,13124,Marsborne,3
48ba31276cedae8a718a,13706;13726,METANOIA Wolves;Pugdesonesto,4
48c1654f9d88d4c6dcbf,4991,fnatic,3
491998b5f10173f28bf8,12380,CYBERSHOKE,2
493c9d9f1b976456dd31,12394,BetBoom,3
495b9c702d422c543a21,6673,NRG,8
49ed03e65e193ce266e4,12899,FengDa,2
4a6926e093b865962ae3,12857,FORZE Reload,2
4a6f27f40c425d8f88a7,13104,Iberian Soul,1
4b23c6b06a96a7d7ac4c,6667,FaZe,3
4b791fa5afe027b070d8,11768,ODDIK,4
4ba4ba7c8693ce72d25a,10960,Young Ninjas,1
4c09bc4f030ac6e5f689,9842;10901;12927,FULL SEND;Marca Registrada;OverKnight,6
4c0a0f62bc8d88416e7e,11917,NIP Impact,12
4c25edc3789276843fbc,13520,Four Magic,2
4c52ca5f76030b757d40,13159,Prestige,6
4c74902a02c5250314d2,12812,ALLINNERS,5
4c7879ebda65cf133cac,9139,BRUTE,1
4c8a28c856ac6c256fd4,11712,Sashi,5
4c9c8c4eb6b04deb086c,10864,VP.Prodigy,5
4cb35f629420146cbcc1,13124,Marsborne,4
4cbbbad01d97b153ea29,12642,RBLS;Rebels,8
4cf54bebd0b7d45144c5,11737,EYEBALLERS,1
4d04a1a7561a8dcaffbe,11641,Metizport,4
4d41d59cccccd02ba1f8,13081,Fake do Biru,4
4d51241454abe4475e92,11641,Metizport,10
4d6af2ad9a22ed3240f5,7532,BIG,8
4d90841440dc596dd9db,13340,CSDIILIT,4
4e0c70f7e092d4484ed4,4532,ESC,7
4f71830ed12ece962920,12646,Chinggis Warriors,5
5033f24a7aa7b0bf1c6e,12301,FlyQuest RED,6
508684bdc5b8b876b8c6,12769,Fisher College,9
50e0ae671f29f0c4f199,12721,Pigeons,3
510fbf4f7d35b68ef272,11641,Metizport,3
511494a49abfdef7edbd,6290,Luminosity,1
511be8df08c558658f9a,12586,AMKAL,12
512620b262f209859916,10577,SINNERS,6
5152d3e6d5ff3465d826,12065,Flamengo,2
5164102d4124bfadc840,13214,SPARTA,2
52aabeb463275f7ddf2b,6665,Astralis,4
52b39665597c7c0bef39,13355,Nemesis,6
52dd62918cc4f253eb05,11312,QUAZAR,3
53f8edf1ac24d554fd4e,13327,R2,3
5434bc9a52517565c790,10245,JiJieHao,2
5441f95301b654f4391e,9735,Lilmix,3
54a6f5a1f34da08a9392,13178,NOVAQ,5
54ae997fed503317d466,13364,Famalicão,6
54d5af26fed8e2037f75,10459,ARCRED,2
556338662212f778ab73,13644,TDK,3
556a0381dd709e721161,13413,Vasco,2
557c3d7cbce81167ed72,13175,Change The Game,7
561ec338f0d24d7c4910,13499,Voca,1
56cf3e042b1f1e8f73ad,6673,NRG,3
56ef561c9f4baa8f0d67,13393,Peekaboo,5
56f30d60d4612b05ae48,13573,ex-Zero Tenacity,1
571319dc8798baaa92df,7376,m1x,7
574b0d3cf2502fc2ba03,7187,Nexus,3
578dd630d0a48fce61d1,11164;13128,Into the Breach;moneyF,7
5822d211e6f36d39e597,13405,Nemesis Impact,5
582e4bc55e27dc0f56cb,10621;13943;13973,1win;Color;ex-1win,6
5855deaebb992b75cd0f,12828,Imperial Valkyries,6
58ad9bf08757c0cf1715,13106,Getting Info,2
58b43b63fd6e2e22c967,13237,AM,1
592591c417caacd704b9,13109,Swingers,2
5931cfe123f0e4081778,12646,Chinggis Warriors,1
593278a31ea5fb5d71a9,12471,GUN5,4
59835da0637a878d3d34,12677,Galorys,3
5a5a5fbd3b1d700e0387,12774,FlyQuest,3
5a7d30f62a1a7fe5dedc,7176,RED Canids,2
5b822390018de906b2e7,12604,Johnny Speeds,4
5bd946b1a67947c3efe3,11251,Eternal Fire,1
5c5ce0118809f3d76bbf,12467,PARIVISION,2
5c6cbfcd870288d243e1,9139,BRUTE,3
5c71d2a881e95e3f2f5f,13451;13520,Four Magic;Four Magic fe,6
5c916781e1112d162675,11312,QUAZAR,9
5cb7c9150f0471e53d36,8574,W7M,2
5cf84aa0477c2ec66632,12988,GameHunters,3
5cfd43d0258204c4872c,12468,Legacy,20
5d541806ffc74ea9539b,12967,WW,1
5d6607e2e9131ce36975,13501,illwill,3
5dd36c2d73607cc31aff,12916,Betclic,2
5e1bae9fef3cbcc15444,11837,Fluxo,3
5e3af454878899300e8e,12000,500,2
5e489e029fb99de4ddca,12431,Betera,2
5ed63bb7a8e0aea64ae2,10245,JiJieHao,2
5f06ede5944bd73dcf42,12394,BetBoom,1
5f5d618186c85997b7b6,11446,Leo,7
5f7d948e2932e569ccbe,7969,Nemiga,13
608ae2e60b05c77291e1,12774,FlyQuest,2
60a78b04afd0405436fa,13479,Omega,2
60ac4688d84a3a45ffce,13321,Falcons Force,4
60c96df3b77e5b788a47,11446,L&G;Leo,15
60e33272652b581b11b5,11861,Aurora,2
6134a6e55af912438a31,12774,FlyQuest,8
61437385a5d55823f7eb,7969,Nemiga,1
61517c897f6cd83552fe,9455,Imperial,5
61eb80817b49a1538d34,11514,Rare Atom,2
62a478c4b8b73184be19,11641,Metizport,3
62d9750c4f75e924b088,,ex-Enterprise,10
62da00795203c7bd47f6,12468,Legacy,1
632eecd9934efefcb9c7,13425,Reign Above,1
63b5e78425de47e3f0b1,10960,Young Ninjas,3
63d4f5b683aa44230dae,13314;13419,KOLESIE;Venom,4
63f33835a6fe657c9ce4,12774,FlyQuest,5
6434ece6b5a655e421c3,12124,Insilio,3
64487a9b8e24c0e1204b,12988,GameHunters,1
64ef1dc5397cab44d4b2,9139,BRUTE,2
6637d18c26d367be4bcc,13617,ex-RUBY,1
664a82228199e5c40b08,12776,Bounty Hunters,2
6667cac8259deda00abc,12604,Johnny Speeds,2
6669426c475872ac65f0,4991,fnatic,2
677d24247aa53119fe45,8297,FURIA,11
68229aa0fc8114c6d924,12467,PARIVISION,1
682cf79383f97de9b982,13245;13465,Dziuseppe;QMISTRY,4
6841d702ce6000341a27,10278,9INE,6
68a644f3ce351ec19021,12916,Betclic,5
68cdae0e97242634ab9b,4548,CPH Wolves,1
68e6f4aded759194f56f,13644,TDK,2
68ef901df1657b4f9df2,12009,Permitta,2
68fb757cea81d1a922ab,10621,1win,3
69b434117d09e87fee19,4411,Ninjas in Pyjamas,2
6aa88a84bb53992e80ce,10333,Sangal,5
6add12c1e9adec02e609,7187,Nexus,3
6add9229eeecdc064d8c,9996,9z,6
6af22c7f89396d17a520,12491;13081,2GAME;Fake do Biru,10
6c40e0a580e0fabc6deb,12534,BOSS,1
6ca7d79ae1c6411ec50d,13104,Iberian Soul,7
6cbe43b53f1de08a2516,13499,Voca,3
6ce5f67c0ecbe3b5aa39,12776,Bounty Hunters,4
6d032d9f235bc0241dbe,13573,ex-Zero Tenacity,3
6d0db80f7712aec31efc,7020,Spirit,3
6d4f6202e39b91bd099f,9139,BRUTE,3
6d64a1dbb12d177cedee,13163,ALGO,4
6d9910cf3e4fc4a75a5d,12988,GameHunters,2
6ebb9b9bfd31ae26449e,12548,Dusty Roots,6
6ecb71f497aacb2079ca,12967,WW,9
6f1ad68b17194da1c4ea,7441,ECLOT,6
6f98e5a4c4d38da6cab8,11523;13573,Zero Tenacity;ex-Zero Tenacity,8
6fea41645c75426f6bf3,13175,Change The Game,4
701a414b7bf10f2918ca,10459,ARCRED,2
7073277c1782b6f83206,11555;13520,Four Magic;UNO MILLE,6
70964275cbd98ef0bb62,13592,magic,1
70aed9aa12a428d8fc4e,5347,BLUEJAYS;SkinRave,2
70b874b15f45da68a34a,12769,Fisher College,3
70b9ebed80b82e1755ac,7969,Nemiga,5
710ed148200e2762b1ab,5973,Liquid,1
714e311a1e1648ca61a1,10567,SAW,2
71f7924e11470f3d9864,13483,Washington,3
721379600900fed1e65b,13433,Last Bullet,4
723335631d281525f8e3,11241,B8,4
724f8d6e2a6db9ba88b9,13027,Nuclear TigeRES,8
72d08ab16db0741beda4,10947,Rhyno,9
735143390145f05498fe,13972,Raccoons,1
738536f91f2f14712ade,11737,EYEBALLERS,1
73c1ddb8357fdafef0fc,12604,Johnny Speeds,3
7440d730d82ec1270fa9,12534,BOSS,6
745ffd1c1652e3bdb05d,11838,Partizan,2
74f075c0f766053b8a3c,12394,BetBoom,2
75033a164399b2acc065,12431,Betera,9
7530516c0d2d0ffe6302,12889,G2 Ares,1
7543f900ceba6f1f3ea5,13233,HEROIC Academy,7
75764fa2a7fbe889d63c,13237,AM,3
757d50eee9cf0c993999,9215,MIBR,2
75e5d950f37342b03568,6248,The MongolZ,17
764bfbaf02d5ad51d83f,12376,M80,8
767f4df640410769c6df,13617,ex-RUBY,3
77a976f1c3e705ecded5,13127,Wildcard Academy,3
77d7e9342b0bb5860f6c,10503,OG,6
784c28d485a2d4f94228,13326,WATERMELON,1
78538139155a44af60f9,6667,FaZe,2
78c45e5390fe107cd659,11523,Zero Tenacity,12
78eaf7627038af7670b5,13667,NEXVOID,1
78f5028fdb88ed891113,11933,Yawara,2
7924a80abbea659204fa,12694,RUBY,1
795fcb9921ea00bd9dd6,13178,NOVAQ,1
79767b0fe3c118fe4bcf,12967,WW,3
7992979fd9ecc794beaf,11838,Partizan,1
799303ae2e78af257279,11581,HOTU,4
79c1e8268f6b0756e0e2,12471,GUN5,2
79c5ad39b57157f7e72b,12857,FORZE Reload,1
79e3790168f41efc975d,10900,KRÜ,2
7a1a96f424e10ab1e2fe,6667,FaZe,3
7a2d3e5c8fcab4a09d6b,9621;13838,AaB;EAC,2
7a37c1c422a967d5a2fe,4548,CPH Wolves,8
7a4581976ef3fcafec03,11419,ECSTATIC,1
7a621fd372675372af5c,12426,Passion UA,2
7aa468525cb3b414a8bc,6290;11811,Luminosity;Monte,6
7b0b9043d43aaf43b52c,12559,RUSH B,12
7b43f0d89764c946cc6e,11609,GenOne,6
7b9bd97d2aa6b83da1bb,9139,BRUTE,3
7b9c2e54637477264639,4991,fnatic,3
7c5e87f24d0ff0cb4725,12818,FAVBET,11
7cf6f1bf49326d06b542,12376,M80,5
7cfc35758b87beeaec16,11737,EYEBALLERS,11
7d0b7b964a13764dfa73,10947;13441,FACEITPLAYERS;Rhyno,6
7d32a87822277dcdb9ca,13568,eLITenergy,2
7d74861adcc715886094,13776,Just Players,1
7d9654e666bd7e5dbb2b,4991,fnatic,3
7e43d65944506bdd4e0c,5378,Virtus.pro,3
7f1850bc8f04c3de13b7,13551,OlyBet,4
7f69f860c01fb98c916a,12366,Aurora Young Blud,5
7f875c8fdb10914aef8b,,Rebels,8
7f8a89194296ac5c14b3,9139,BRUTE,4
7fb15e71b243cf94d6d8,11955,LAG,3
80a0affe3645e4b79deb,3044,MIBR Academy,2
8124f8bbbc49482a2df3,13479,Omega,4
813971a6c47f31b6eb30,13573,ex-Zero Tenacity,3
81699f6f08f99305e17b,12568,EC BANGA,3
81f08787434c91e79280,12257,Wildcard,2
81f5e68099df0d475ef3,13333,ASTRAL,6
82071ca5dd86ae09ac80,13117,Inner Circle,6
8252392811fd4f90f676,10278,9INE,1
8252c16171eb0ee64c48,12471,GUN5,1
82800d3685edecf8170c,11251,Eternal Fire,4
82ec1484979378ef597b,12774,FlyQuest,7
82fd85c8e90ec141e430,11018,megoshort,1
8340dc419a4cb09d780e,10333,Sangal,1
83f65482284bed7d9361,13583,WHITEBIRD,2
84c83b01f7e6083c960c,12677,Galorys,9
84ef11056cd1cea6ed8d,12087,Lazer Cats,5
852dcd372811563e8fc7,12394,BetBoom,7
856b7a0559245db92cf2,12144,BESTIA,8
85a7d1d66417043c287c,5995,G2,1
865353f4eb0937684a62,10943,777,4
86ec571d574992444ac0,9735,Lilmix,2
8759a4d48aa75c522f98,7532,BIG,2
87640c57c2720082deb6,13124,Marsborne,2
8764c47fcf6f513aea28,13173,Phantom,1
879d9886680924226fd0,12901,SemperFi,4
887e6c08c0147fd6a1f5,10854,los kogutos,5
88b14056df374018c887,5973,Liquid,2
890bb8cdfed77829d5ff,13173,Phantom,1
892843ad4a3c8506645c,13812,Project 91;Wampirki,4
89df96943262dbf71e57,12554,regain,3
8a8a707e6ceacc0607bd,13117,Inner Circle,2
8bb1193a025837b6c801,12376,M80,5
8be3812c7fa2dd0ab82d,4991,fnatic,1
8c0cdb9b6c2df0556f04,11176,MOUZ NXT,3
8cb7143adda2bfd56682,13027,Nuclear TigeRES,5
8d1d44d2eaaccb75283a,12087,Lazer Cats,2
8ddd7c3d52942c256b57,7020,Spirit,13
8f090ee090a00ba7fa0b,12468,Legacy,1
8f1b660374056c309a4c,12467,PARIVISION,5
8fb960cdef57954090d7,9928,GamerLegion,1
8ff00b28a128f6466bdb,10577,SINNERS,1
8ffa3acd959cb93967f8,12825,The QUBE,4
902534a456b2b4fcb254,13714,DONSTU,3
90b6580294f9baaab03f,11514,Rare Atom,1
91625ab3ea668cf9fc3f,11609,GenOne,8
91820d3544c959fbec0a,13026,BESTIA Academy,3
91c93eb867d7d47bf729,9565,Vitality,24
925cf771181ecf1b5088,11641,Metizport,4
928ad8a13dcda967f95d,12257,Wildcard,12
92a04594d14380d991a1,13937,Nordic Partners,1
92ba51cccf017ec23694,12776,Bounty Hunters,1
92bcf85e3629d8816cb6,3044,MIBR Academy,7
92d34da59969fc7aba03,13512,Prison Breakers,1
92fe825d6818b311d87f,13814,INOX Division,1
9316d30bec0f67f0fda8,7720,InControl,2
93a45352761666244eb5,11241,B8,6
9408d7d410d7d138b52e,4991,fnatic,7
9428bbe13d3a97b6cb33,7376,m1x,1
944c447eb432bcb34ed5,10459,ARCRED,4
944ca66770db484f1cbc,13757,ACROBATS,6
947a413877986ead41b7,5378,Virtus.pro,2
960ff0e6c968a052e212,11699,BAKS,1
961e3be6691601cf603f,12267,UNiTY,1
965cf30c0767a5159a11,,timbermen,6
96b6274c83937b9fcbea,13106,Getting Info,4
96b84b75df8cd325f8bd,12421,Let Her Cook,6
97282c67feb029394a01,13571,SINQU,9
97a914de71e77795f741,4494,MOUZ,1
97e9d1cfdae41f412ea9,13715,Hashiras,1
984b00f1a8077e81507c,12916,Betclic,8
986671ed0f7346c54ca9,13537,Zealous,2
9878cbc31a184ab5cc29,7175,HEROIC,4
98d8ee24d663c964f937,12510,The Huns,7
98e7ebf1b616b052b8f9,12895,K27,1
99347eabbb0a1fedcb74,6665,Astralis,9
994b0c0012f23d9df80d,12194,Rune Eaters,1
996316e9c05448acf739,4608,Natus Vincere,13
99729e46a16e372b9eaa,12380,CYBERSHOKE,4
998966586a648acb2cab,13483,Washington,1
99dc3e2197cb0c18c596,12959,ShindeN,1
99f8544a2ab4e9430837,12065,Flamengo,2
9a0597b081388a585fe0,13173,Phantom,4
9abb825c74b777d46bd0,11176,MOUZ NXT,1
9b56a68b02d01406acef,10975,MIBR fe,10
9b70f8642ef055c20cb4,12536,DEPO,1
9b977fa7965eac2edcd1,13349;13413,StragaSonhoS;Vasco,5
9baf20a3414cd4412c07,11955,LAG,2
9bec5d823f0da2c4e414,12144,BESTIA,1
9c3baabda872db890983,4548,CPH Wolves,1
9c3bd9b3ce1afe43eeb7,10567,SAW,7
9c4a36a264a74f4d8d93,11790,ENCE Academy,15
9caa8f14512fc00faa99,13475,FOLHA AMARELA,4
9cb2dca99532c31ca250,13134;13393,Akuma;Peekaboo,5
9d2a01e82636163b925a,7801,Ghost,4
9d2b566c8472997adfa4,4608,Natus Vincere,14
9d8bb5e02b05f5cf41e3,4411,Ninjas in Pyjamas,2
9d9fd28afd24d0c2b85c,5116;13518,Acend;Bulgaria,4
9daa2e0f8baba62ac327,6667,FaZe,11
9dcb1d90151421d63fec,11838,Partizan,3
9dfb1cf2f9ff7b9c9083,13857,Iowa Stormboar,1
9e314b60b5d2a2436771,11837,Fluxo,3
9e79f19751d7e829adaf,5347,BLUEJAYS,1
9ea3027c506fb46cb120,11883,9 Pandas,6
9fb33399a96a3475eea9,13153;13510,Hesta;QWENTRY,6
9ffcb562e72a86249f03,11164,Into the Breach,2
a095c2caa3c0454e0eb8,9565,Vitality,2
a2051d0db9aa8f62c0e0,12604,Johnny Speeds,11
a27bdc0c7aa011e76395,13729,EMPIRE,1
a27cfbcfca10e598409c,13214;13583,SPARTA;WHITEBIRD,4
a2cfb768012f4eb4bcfc,11641,Metizport,2
a4061a8fe96be6adc150,4869,ENCE,7
a4938af082ccd5b989a6,5995,G2,5
a4cfafa28a6a55aa2b69,12694,RUBY,3
a4db5a4900099fddff60,13946,Jam,1
a557275c96d577ef4eaf,11241,B8,16
a594a1d32bcaf95ae9f0,12510,The Huns,2
a5b74eab4210e81faa6e,10947,Rhyno,13
a640c4181cc7b506ee9c,7175,HEROIC,10
a64db9440de6f9c2982e,13679,FOKUS,6
a69bec226cfc819ec6ff,13970,Drip Too Hard,1
a6c215b1e63f08658b91,7187,Nexus,5
a6dffd2855ad5f4f2190,12190;13146;13531,Sakura;Shimmer;Supernova Comets,12
a6ef555b44ddb3f43cb9,13081,Fake do Biru,2
a6f3f158f36344963239,11660,Take Flyte,5
a71e6e7f6daa2e9d3935,9455,Imperial,5
a7f8c9ae029a5e9f3092,6667,FaZe,2
a85cef74e8f56e40d059,13724,5star,6
a94e24bc0ceee6a1d806,13314,KOLESIE;Rebels,2
a957c1e3fa87abcbbeb9,5005;12426,Complexity;Passion UA,12
a994045b00cfb65ca5b2,13414,Rave;SkinRave,4
aa1a1aadf8a7ff47aafa,12646,Chinggis Warriors,10
aa330fa1db03e6a6403b,6667,FaZe,1
aa3b7546ed0fc84fa7da,13163,ALGO,4
aaebd5b0bceae8f19e36,13192,Roler Coaster,2
ab72984ae34127e5230d,10278,9INE,3
ac151fb0784772bb4cdb,12301,FlyQuest RED,7
acd45ae52bd16e7eb579,13181,BASEMENT BOYS,5
ad3fbba14cb6a5c62162,13163,ALGO,2
ad57e5c6325161fc8bae,6810,aimclub,1
ae3e0739999dd44e1986,12834,RUSTEC,5
ae6bcae18d9a803e55f9,12878,BC.Game,8
ae6d4f4248e9f09730d2,13613,Bebop,3
ae9a76d234ccd25e2d1b,10867,MASONIC,4
aeaa86c4a42145230185,13938,MEIA NOITE,1
aeb0162d9f1ca5a689ff,9686,Turma do Pagode,4
aebce5e79920b9b9c525,13510,QWENTRY,1
aeca58676bb982ff0b39,10960,Young Ninjas,2
aedd0960e4cf3b33351d,5973,Liquid,2
b00d27ada70927aaf2b6,13288,ex-W7M,5
b123f70b4101b109ca9e,12677,Galorys,1
b138310299bababf44af,13433,Last Bullet,6
b1e682a25485be9f2a5d,12000,500,1
b25799466df088cbac51,12194,Rune Eaters,4
b29d3226b57a78ab58ea,13422;13511,Fuego;UnderDogs,4
b2e8430f424a52a90312,11585,IHC,3
b31059c16fd181946b20,5378,Virtus.pro,4
b315ae2a0e18bc654ba4,13124,Marsborne,2
b33921be1d7e3c48f339,12534,BOSS,7
b369d457d8472654b588,10997,Procyon,6
b389ec04583bcfad9601,11514,Rare Atom,5
b3ce33756740485a0960,11446,Leo,2
b3df7c8c5731fd07316b,,NewBALLS,3
b4056806b5e2be8b942c,10245,JiJieHao,5
b4bd3f705246a4c0338d,12536,DEPO,2
b5e1436f4b4124ae1837,13667,NEXVOID,1
b5f89cf233a35ebf040e,13617,ex-RUBY,3
b6076ad1a742be100e9e,13251,Mousquetaires,8
b64e267724655fc75998,13501,illwill,3
b6fa5c6623bee9be34a3,10864,VP.Prodigy,2
b6fab48cf7ca57fe7d9b,10567,SAW,2
b7417bf13be04fca0304,6810,aimclub,5
b7826d7049989d4816a1,12895,K27,2
b7989732b2f4dd6303e5,11251;13485,Eternal Fire;VRSoholics,4
b7f6efac5345a44c475e,12467,PARIVISION,2
b837469b73d8344171ba,10854,los kogutos,7
b8d719ce28553c1f8538,11837,Fluxo,4
b8f718041db8bac2e331,12376,M80,9
b94bbca445be35649bd6,11251,Eternal Fire,2
b9886d63b265d6ca645a,13459,ex-Inner Circle,3
ba1d1612f747b5c57920,11336,DETONATE,6
baf7382ccae2978e8e84,12065,Flamengo,1
bb2912b1abf4a5329cd0,10854;13403,TNC;los kogutos,2
bc4239550c720cb140ff,4411,Ninjas in Pyjamas,2
bc4e03a474be6170c00b,12144,BESTIA,1
bcc3d95f12d003200086,9455,Imperial,7
bcf8426eb332bb67eadf,11917,NIP Impact,10
bd4c1abf3532e6173417,11312,QUAZAR,3
bdb1e381fd8230340975,12646,Chinggis Warriors,1
bdf6fbba13a1e370b999,13178,NOVAQ,1
be391efe5150274df825,12857,FORZE Reload,5
beea5f99b8dfbdae1647,13054,PCIFIC,2
bf11301f0861eeb7f77e,9621,AaB,3
bf3f142a181b91d97151,11641,Metizport,1
bf90bcbf6d379cbbf7c8,7176,RED Canids,7
bf99af5339d636cba94c,11581,HOTU,4
bfc6a1833c0489262735,7187,Nexus,4
bfcaeeb6019cb1bf807b,11581,HOTU,5
c03a78e1868c844a2a00,12858,kONO,5
c04cac94b1317cb5890c,13286,FUT,1
c0828b31f530161b9faf,4991,fnatic,1
c0963f9839e8b4d40d5c,12694,RUBY,4
c09bdf32e64ec9eb1f32,10333,Sangal,5
c0e94ee19d02d0d3458c,12694,RUBY,6
c1350696f6dc330c1096,13518,Acend,4
c155914b68ef35235fe1,9881,Rooster,7
c1717c6bbcf5638ad467,12426,Passion UA,4
c1b98de59b3e8c13d064,13715,Hashiras,4
c1be3d708b91d83debce,7020,Spirit,4
c1c2da4902742c9093a8,7969,Nemiga,2
c1d8ba1b6263de56e8ff,13479,Omega,2
c1ddc4dbd072559d3f5b,5378,Virtus.pro,4
c1ea18e3e3d75c394750,12916,Betclic,2
c207036ec5bfd9672bb3,11790,ENCE Academy,5
c231c03491452703600d,11251,Eternal Fire,4
c2393512125e357a0b35,7532,BIG,2
c25135f074b26d8e8b59,13499,Voca,4
c2559f2c4911409d117b,10851,Wings Up,2
c2a8aa8ccbc2055a3292,9621,AaB,3
c3532511377b43be97bf,12722,E-Xolos LAZER,5
c436f0c283513f0845d2,7187,Nexus,7
c44d84d32e650b5aed4d,12646,Chinggis Warriors,1
c486910f1c211a302ecb,13124,Marsborne,8
c4cd742c0f01c49bf932,12144,BESTIA,8
c4e7e444d827e80f278e,11419,ECSTATIC,4
c56d0a8e8d57b2d80c10,11737,EYEBALLERS,13
c5ae37f15cd13e52b6b3,12586,AMKAL,2
c62ec5102a18908fb43b,12164,Zomblers,2
c68c357f71fed7e65ae7,13237,AM,4
c69b7df44fd80035b2bb,13516,Fingers Crossed fe,6
c6d9f4b065535fedd3fe,13106,Getting Info,3
c6e3351ead85d33c1a26,12380,CYBERSHOKE,3
c6e7095c117141b82830,5995,G2,8
c6ed15d864deff732f50,12380,CYBERSHOKE,2
c6f55ecf0a0016464c21,13281,Bushido Wildcats,6
c7016978e18d9b2a439e,13679,FOKUS,1
c725c0003cd8295c1cf8,10371,NAVI Junior,1
c7762212e7bb2338b84c,4548,CPH Wolves,10
c7e0cca8490bcfa6f20e,4991,fnatic,4
c7f4bab835cec5a8f8ee,7969,Nemiga,6
c838a8f1c1d3646a49eb,9928,GamerLegion,3
c8c3914f21ebfc022460,12774,FlyQuest,1
c8cf8cfee09e87cca48f,13623,STATE,1
c8d9aa6d3f48b13980c6,6665,Astralis,8
c8df75e6032b06e674fd,13792,Persona Grata,5
c93afad3985eb352df7c,13297;13619,33;BET-M;TPuDCATb TPu,14
c945590e437a5c2dfada,13137,Familia Maquininha,7
c99d5fe24712d0a51380,10333,Sangal,1
cab738c5340479d62591,6810,aimclub,1
cae6db67a4318f65f0b9,11571;13288,Gaimin Gladiators;ex-W7M,7
cafbd75d62b9de4d1423,7865,HAVU,14
cb36cb0017453ab18593,11883,9 Pandas,5
cb5413a184cb101e8d2c,13837,SHISHKA,3
cb557daf320d95ff0c96,6248,The MongolZ,3
cbb3b45ef04eede35ff9,12948,BORING PLAYERS,4
cbc5b9bb3769e1b3d58c,11861,Aurora,6
cc3af0b14ed3198d8660,4869,ENCE,1
cd967d20eabd7209546b,11176,MOUZ NXT,7
cda0fd1fadf7dadf4d46,12959,ShindeN,7
cdcebaae9b89d9abf120,12394,BETBOOM,1
ce518f0cae5d9dd6255f,13413,Vasco,2
ceca78b6e11a5b2a0cb3,13355,Nemesis,8
cecbc60c9300c1eb4b55,7175,HEROIC,2
cf34ff156320098f8751,13173,Phantom,7
d07f080d402802bb43ad,13414,Rave,6
d0b40adb3da8c9644e5b,11248,SAW Youngsters,3
d0c8c84028f0f1f81246,13511,Fuego,2
d12495477296fea24ee2,11718,BIG EQUIPA,6
d17b93fe8061112d09f3,13553,Oxuji,2
d1997d69c404a98d1b76,13619,BET-M,1
d1a0612fbdeb2bb10e71,7720;13857,InControl;Iowa Stormboar,5
d2f5933777dca610be23,12609;13214,Lavked;SPARTA,3
d3179d30c0f804c093f7,13286,FUT,11
d43c8f196fa6a0937de6,13024,8Sins,1
d4a6ebbb8cb343ee8e5f,9735,Lilmix,3
d4cbad86e4c48d30a0d6,9621,AaB,3
d574bdf33db928eb2997,12604,Johnny Speeds,4
d5e04d05a3ba73716a17,11838,Partizan,1
d6024adb56da337980e3,12988,GameHunters,3
d60e10b3e3c50be39626,3044,MIBR Academy,4
d68f621c0c4769cf3779,12124,Insilio,8
d697d7042e91a6e063f8,13214,SPARTA,1
d71f630e5e8612ad7feb,8038,Party Astronauts,5
d7ba80171b93121bf02b,12776,Bounty Hunters,1
d7ed0e8214df4d7d1444,7175,HEROIC,2
d7f059bd513e44ecf08a,12426,Passion UA,6
d807a95213fd6aab9a51,13104;13404,Gentle Mates;Iberian Soul,12
d817dbf63c7931b871ef,11718,BIG EQUIPA,9
d8b8e860f0caaa7c6bc9,12677,Galorys,2
d920c0ae8a56baa9aa40,9735,Lilmix,1
d95376afadedca7d6a7a,13901,ex-RUSTEC,1
d95f75e929a259bc550c,6810,aimclub,2
d961095f565ed0be5cf5,10333,Sangal,2
d98790a14c38264a9999,12394,BetBoom,3
d9a73821e0b4f55492ac,10503,OG,4
da2897f195b5b9d3ccf7,9621,AaB,3
da8aa84f8d83f3bb84f5,7175,HEROIC,1
da95e6e7bc6013aa8c91,13413,Vasco,3
daa444779c879bef2c38,12380,CYBERSHOKE,2
db319c58b5a99d95930a,12474,Alliance,13
db715d213b43165fc16e,13106,Getting Info,5
db7d3a5e02e8b30328a5,11883,9 Pandas,1
dbb06ab979803c45c554,12916,Betclic,1
dbce703ae4280524575c,9621,AaB,1
dbed042ec191be814f2c,8840,Lynn Vision,22
dbf7f724d59a7bbe3bef,13667,NEXVOID,1
dc678823b80b7433833b,12471,GUN5,1
dc81a9498b19eabc8b26,12194,Rune Eaters,1
dc9c7e9cb94caee9c7ac,12144,BESTIA,6
dcaaf14356a20ed5fbf7,4494,MOUZ,6
dd26a1d3b1d4224734ae,3044,MIBR Academy,1
dd433dc1372c447eea34,13012,HYPERSPIRIT;HyperSpirit,8
ddf2ab9cc772c71a022c,13715,Hashiras,1
de0df596adaaa4158306,13053,Just Swing,7
de4d1b051c78034513c7,11861,Aurora,1
de7bb15534f87900b1e7,13286,FUT,1
dfac3fc8bf9bc1fcb0b1,11514,Rare Atom,4
dfb2413e96fa6e09d875,12536,DEPO,1
dfe4b1b80db30abff546,9215,MIBR,4
dffa9f118443bbfd0a66,13510,QWENTRY,1
e017c66000909962809a,13181,BASEMENT BOYS,1
e0362dcbafd342d82962,8297,FURIA,16
e050cd797127c9424139,13868,DragonClaw,4
e084f753677bdc11410f,12257,Wildcard,5
e0eb9e74d9c82b57698d,9996,9z,10
e154a84320f588f175a0,12789,LaChampionsLiga,7
e17285b415d2dc1447da,11283,Falcons,10
e1db2c8672ddb8b69b95,7865,HAVU,1
e223a7455fade7912302,3044,MIBR Academy,2
e28246ca6151f9b66fc8,10245,JiJieHao,3
e2e6d725d3b81e97d32e,12901,SemperFi,8
e2fd491a5a85983fd670,5995,G2,4
e30bbdc993a56db8023c,5973,Liquid,5
e31087135571b0f447b5,12604,Johnny Speeds,1
e362432dfb0e55fd4240,11018,megoshort,4
e3c223f97d9d08700f8a,11999;13466,Fingers Crossed;Grindas,6
e4127d5b5ea364685757,13375,SportsBetExpert,3
e485c3ca2122712c6530,13613,Bebop,3
e497530fd06760744e1a,11571,Gaimin Gladiators,3
e4ac330e2ee20921557a,9928,GamerLegion,1
e4b6c6fa18f3a24c20a4,5479,Mythic,6
e51e46ade62533cad99a,6089,The Last Resort,7
e589c64ec1c105e17303,4532;13547;13808,ESC;Friendly Campers;Walczaki,12
e5a7f5ceaa4267c2231b,13117,Inner Circle,2
e5fffa31abfd6ecd487b,12899,FengDa,1
e620aa497fbc84eb3e7b,5775,Elevate,7
e66fcd64cfe5cf8f8ff5,12474,Alliance,3
e6e63586c26e615bff87,8038,Party Astronauts,2
e750fe564bbd5d2ce6ca,12895,K27,16
e77b81b2bb1af7631c88,11712,Sashi,1
e797db73bfe8dde81ec4,6667,FaZe,1
e7e8702bc012d4b6780c,13474;13675,FUT Academy;ex-FUT Academy,5
e80ce46dce541868371b,12380,CYBERSHOKE,3
e82142782877bf13408e,10823,INFINITE,2
e8287d89dea8c1e92e4d,13314,KOLESIE,5
e8bda87950d53bfba312,13518,Acend,2
e94a7585d2fc6da92781,12899,FengDa,3
ea6fb0758f53f7a35ac9,13592,magic,2
eabe3371da8125d37371,12812,ALLINNERS,1
eb2dacc94c350f4c113b,13901,ex-RUSTEC,1
eb545edeabdc1c75f7bb,13121,Eco Warriors,6
eb730e5c582d6ca5d0ff,11571,Gaimin Gladiators,5
ebcd61bc27b709150836,13173,Phantom,3
ec16634baf36b6925887,11737,EYEBALLERS,2
eca76dd469044ed07bc1,11419,ECSTATIC,10
ecea19805ac3bb36b4a8,5105;7187,Nexus;Romania,7
ed0dac8b6f4ff561c8ba,11641,Metizport,1
ed9965b1a9db48ad0b06,12889,G2 Ares,5
ede144f83abe8c0cb14b,13217,ScarX,4
ee4c146d1ee5d9d21a02,12510,The Huns,2
eecc02330865b6bcb94f,12857,FORZE Reload,1
ef0939a8d1a8039205e4,4869,ENCE,5
ef1ff3938631321a7a78,11251,Eternal Fire,4
ef64247898964d01c91e,11251,Eternal Fire,1
ef656121fe0179bb61e4,13502,Arise,2
ef7aa1204658206e782f,4411,Ninjas in Pyjamas,3
efd8dac3e3043acfb757,13288,ex-W7M,2
f05957b82dce82160422,13304,Dashskins;LP,12
f0799d6dc7ece6953b94,11883,9 Pandas,4
f084eaa4e4aabd7e28bb,6788,Crashers,4
f0a5bed2025716cef475,13592,magic,6
f0fef5ec47d6c5dec0e0,13104;13404,Gentle Mates;Iberian Soul,2
f1bb99fdd4839f4e9195,4991,fnatic,3
f1c05542faa91e6b6868,5378,Virtus.pro,12
f1f7991707311b598817,11712,Sashi,3
f203bf60af884d505ba4,13425,Reign Above,4
f290b0939afdab1f785f,13345,DESEMPREGO,1
f2d6ae6dcc9b1f564407,7900,Spirit Academy,1
f311e6ce5ebd1a40a35b,13121,Eco Warriors,3
f37812922f35412b43e7,13233,HEROIC Academy,5
f3b89ca67344b08b9339,11571,Gaimin Gladiators,2
f3f33fef3aac1297a0d8,13321,Falcons Force,4
f4ec929092c180a8c1ce,12536,DEPO,2
f524baf8dd176bc33ee5,12097,Eruption,2
f536ca9a6c878d61f907,13163;13431,ALGO;ex-HEROIC Academy,3
f56448ed065525d01e79,12534,BOSS,5
f5cffaa253b25112d40e,13153,Hesta,7
f5f268615d366befab5f,6673,NRG,2
f6568e478ed3ecce1cbe,12267,UNiTY,8
f683710fbdcdb790d426,13163,ALGO,4
f6867fa7ba13b580c30f,11811,Monte,8
f6891cc4045107bce057,10503,OG,6
f6e56009e56ff84ae7a2,12471,GUN5,5
f729159b528066f40b4e,11838,Partizan,6
f7445e78568da096c71a,6673,NRG,4
f81754ee526ed23ee1fc,7900,Spirit Academy,7
f91f72bd614cf8908299,11283,Falcons,3
f94e124a1a752f15f4db,12467,PARIVISION,6
f9db3f6e7670b3bfa33b,10577,SINNERS,8
f9e61d9b25d0dd791862,13838,EAC,2
fa8d993a96ce3adabef3,11283,Falcons,4
fb355ad45f970d7a7460,9565,Vitality,1
fb437664252b7ab38e9c,7187,Nexus,1
fb7838b0a70059b63f11,7865,HAVU,1
fb9c30ef36fce9b8432b,12646,Chinggis Warriors,2
fc024ca43e672ecea0b8,6652,GameAgents,4
fc14f9f1b6295f49f03d,13294,Outfit 49,4
fc8c472e16bb7a27aa20,13814,INOX Division,4
fcbafb946053f287d542,13613,Bebop,1
fd4160f1672efb1f923c,6033,Keyd Stars,3
fda06d408770a68028e9,13613,Bebop,1
fdc3453f77f54b677754,10823,INFINITE,3
fe47061e7cbb19bd7eb4,10459,ARCRED,5
fe9a3829e18bce4f31c6,10503,OG,2
ffb80662b6034a143226,7720,InControl,4
ffc6058811a79f0d0c78,13181,BASEMENT BOYS,7
